City_ID,City,Lat,Lng,Max Temp,Humidity,Cloudiness,Wind Speed,Country,Date
0,Pertuis,43.69,5.5,68.0,60,0,14.99,FR,2020-08-30 08:47:17
1,Pertuis,43.69,5.5,68.0,60,0,14.99,FR,2020-08-30 08:47:17
2,Cape Town,-33.93,18.42,53.01,71,20,2.24,ZA,2020-08-30 08:50:44
3,Lagoa,39.05,-27.98,73.63,95,12,9.33,PT,2020-08-30 08:50:45
4,Margate,51.38,1.39,62.01,81,97,4.0,GB,2020-08-30 08:50:45
5,Saint George,37.1,-113.58,82.0,30,1,13.87,US,2020-08-30 08:50:45
6,Narsaq,60.92,-46.05,59.0,33,75,20.8,GL,2020-08-30 08:50:45
7,Wattegama,6.8,81.48,95.0,53,40,14.99,LK,2020-08-30 08:50:46
8,La Rioja,42.25,-2.5,61.0,59,40,14.99,ES,2020-08-30 08:50:46
9,Qaanaaq,77.48,-69.36,29.7,78,0,5.59,GL,2020-08-30 08:50:46
10,Saint-Philippe,-21.36,55.77,77.0,61,22,28.86,RE,2020-08-30 08:50:46
11,Coquimbo,-29.95,-71.34,44.6,87,51,5.82,CL,2020-08-30 08:50:46
12,Upernavik,72.79,-56.15,40.17,72,0,1.68,GL,2020-08-30 08:50:47
13,Hermanus,-34.42,19.23,55.99,66,74,1.01,ZA,2020-08-30 08:48:04
14,Bam,29.11,58.36,89.31,11,0,25.9,IR,2020-08-30 08:50:47
15,Aleppo,36.25,37.5,104.97,7,0,5.28,SY,2020-08-30 08:50:47
16,Port Alfred,-33.59,26.89,54.36,58,89,14.7,ZA,2020-08-30 08:50:48
17,Gornopravdinsk,60.05,69.9,71.53,74,97,5.19,RU,2020-08-30 08:50:48
18,Dikson,73.51,80.55,41.61,95,100,20.22,RU,2020-08-30 08:50:48
19,Georgetown,5.41,100.34,89.6,66,40,8.05,MY,2020-08-30 08:50:48
20,Amapa,1.0,-52.0,70.84,98,54,1.25,BR,2020-08-30 08:50:48
21,Rosario,-32.95,-60.64,44.01,65,53,9.17,AR,2020-08-30 08:50:49
22,Omboue,-1.57,9.26,77.9,76,100,10.02,GA,2020-08-30 08:50:49
23,Olinda,-8.01,-34.86,78.8,78,75,13.87,BR,2020-08-30 08:49:51
24,Ushuaia,-54.8,-68.3,23.0,100,90,23.04,AR,2020-08-30 08:50:49
25,Barra Do Corda,-5.5,-45.25,71.46,66,0,2.21,BR,2020-08-30 08:50:49
26,Atar,20.52,-13.05,88.66,26,1,8.41,MR,2020-08-30 08:50:50
27,Carutapera,-1.2,-46.02,78.1,80,7,9.84,BR,2020-08-30 08:46:34
28,Bonavista,48.65,-53.11,57.99,83,100,8.01,CA,2020-08-30 08:50:50
29,Tasiilaq,65.61,-37.64,37.4,86,93,3.36,GL,2020-08-30 08:50:50
30,Souillac,-20.52,57.52,77.0,65,40,17.22,MU,2020-08-30 08:50:51
31,Batticaloa,7.71,81.69,87.91,60,38,13.53,LK,2020-08-30 08:50:51
32,Hobyo,5.35,48.53,84.45,62,0,25.88,SO,2020-08-30 08:50:51
33,Punta Arenas,-53.15,-70.92,33.8,74,50,11.41,CL,2020-08-30 08:50:51
34,Zwedru,6.07,-8.13,73.04,92,90,3.85,LR,2020-08-30 08:50:52
35,Dzaoudzi,-12.79,45.27,82.4,58,53,6.93,YT,2020-08-30 08:50:52
36,Hithadhoo,-0.6,73.08,83.01,68,51,6.02,MV,2020-08-30 08:50:52
37,Arraial Do Cabo,-22.97,-42.03,70.95,86,0,20.8,BR,2020-08-30 08:50:09
38,Erzurum,40.0,41.5,77.0,23,0,12.75,TR,2020-08-30 08:50:53
39,Delmas,-26.15,28.68,61.0,42,94,1.01,ZA,2020-08-30 08:50:53
40,Luderitz,-26.65,15.16,58.57,34,0,14.83,NA,2020-08-30 08:50:53
41,Remanso,-9.62,-42.08,70.79,79,2,12.37,BR,2020-08-30 08:50:53
42,Busselton,-33.65,115.33,62.01,37,7,5.32,AU,2020-08-30 08:50:54
43,Pirassununga,-22.0,-47.43,62.2,56,0,3.78,BR,2020-08-30 08:50:54
44,Vila Franca Do Campo,37.72,-25.43,73.4,83,40,3.36,PT,2020-08-30 08:50:54
45,Altoona,40.52,-78.39,64.4,72,90,4.97,US,2020-08-30 08:50:54
46,Husavik,66.04,-17.34,55.4,62,75,20.8,IS,2020-08-30 08:50:55
47,Nanortalik,60.14,-45.24,46.65,76,100,10.11,GL,2020-08-30 08:50:55
48,Manoharpur,27.3,75.95,82.4,83,75,6.93,IN,2020-08-30 08:50:55
49,Codrington,-38.27,141.97,49.28,83,100,18.03,AU,2020-08-30 08:50:55
50,Vestmannaeyjar,63.44,-20.27,52.9,93,100,20.87,IS,2020-08-30 08:50:56
51,Thompson,55.74,-97.86,51.8,87,75,4.7,CA,2020-08-30 08:50:56
52,Torbay,47.67,-52.73,57.99,87,90,13.87,CA,2020-08-30 08:50:56
53,Villa Carlos Paz,-31.42,-64.5,48.99,42,42,5.82,AR,2020-08-30 08:50:56
54,Quelimane,-17.88,36.89,82.4,58,3,4.7,MZ,2020-08-30 08:46:28
55,Iqaluit,63.75,-68.51,44.6,81,40,3.36,CA,2020-08-30 08:50:57
56,Taft,31.75,54.21,87.8,14,0,11.41,IR,2020-08-30 08:50:57
57,Victoria,22.29,114.16,89.01,62,100,10.0,HK,2020-08-30 08:46:28
58,Itarema,-2.92,-39.92,75.9,80,20,15.48,BR,2020-08-30 08:50:57
59,Hofn,64.25,-15.21,50.0,87,90,6.2,IS,2020-08-30 08:50:57
60,Tara,56.89,74.37,73.78,59,92,5.95,RU,2020-08-30 08:50:58
61,Skjervoy,70.03,20.97,47.05,82,92,9.93,NO,2020-08-30 08:50:58
62,Cidreira,-30.18,-50.21,60.4,95,100,10.71,BR,2020-08-30 08:50:58
63,Salalah,17.02,54.09,75.2,100,90,5.82,OM,2020-08-30 08:50:58
64,Gezing,47.92,13.13,59.0,93,75,3.36,AT,2020-08-30 08:50:59
65,Geraldton,-28.77,114.6,73.4,40,0,6.93,AU,2020-08-30 08:50:59
66,Sao Felix Do Xingu,-6.64,-51.99,69.03,59,0,1.36,BR,2020-08-30 08:50:59
67,Artyom,40.47,50.33,84.2,39,4,9.17,AZ,2020-08-30 08:50:59
68,Ilulissat,69.22,-51.1,39.2,80,0,3.36,GL,2020-08-30 08:50:59
69,Pangnirtung,66.15,-65.71,42.66,65,1,2.44,CA,2020-08-30 08:51:00
70,Qaqortoq,60.72,-46.03,59.0,33,75,20.8,GL,2020-08-30 08:51:00
71,Gao,16.64,1.64,82.76,67,16,14.12,ML,2020-08-30 08:51:00
72,Rio Grande,-32.03,-52.1,50.0,90,95,5.01,BR,2020-08-30 08:48:58
73,Kongwa,-6.2,36.42,87.57,24,0,5.32,TZ,2020-08-30 08:51:00
74,Karpathos,35.51,27.21,84.2,62,0,29.97,GR,2020-08-30 08:51:01
75,Oyem,1.6,11.58,73.4,88,90,2.98,GA,2020-08-30 08:51:01
76,Bosobolo,4.18,19.9,70.68,97,100,1.66,CD,2020-08-30 08:51:01
77,Havre-Saint-Pierre,50.23,-63.6,50.0,87,90,9.17,CA,2020-08-30 08:51:01
78,Tessalit,20.2,1.01,86.7,48,0,15.93,ML,2020-08-30 08:51:02
79,Cesis,57.31,25.27,64.0,81,100,5.01,LV,2020-08-30 08:51:02
80,Yelizavetino,59.49,29.79,60.8,82,90,8.95,RU,2020-08-30 08:51:02
81,Sao Borja,-28.66,-56.0,60.91,86,100,14.25,BR,2020-08-30 08:51:02
82,Port Elizabeth,-33.92,25.57,50.0,76,40,14.99,ZA,2020-08-30 08:46:24
83,Chimoio,-19.12,33.48,86.0,33,0,13.87,MZ,2020-08-30 08:46:29
84,Hamilton,39.18,-84.53,64.99,87,1,4.99,US,2020-08-30 08:51:03
85,Biscarrosse,44.39,-1.17,62.6,77,12,8.05,FR,2020-08-30 08:51:03
86,Aljezur,37.32,-8.8,66.0,71,13,1.01,PT,2020-08-30 08:51:03
87,Chiredzi,-21.05,31.67,88.66,28,0,9.22,ZW,2020-08-30 08:51:03
88,Nizwa,22.93,57.53,100.36,23,52,5.28,OM,2020-08-30 08:51:04
89,Boysun,38.21,67.2,80.55,20,5,7.45,UZ,2020-08-30 08:51:04
90,Port-Cartier,50.03,-66.87,48.99,87,90,5.82,CA,2020-08-30 08:51:04
91,Sekoma,-24.4,23.88,59.34,31,0,12.57,BW,2020-08-30 08:51:04
92,Jamestown,42.1,-79.24,61.0,93,1,10.29,US,2020-08-30 08:51:04
93,Plouzane,48.38,-4.62,59.0,77,17,10.29,FR,2020-08-30 08:51:05
94,Mar Del Plata,-38.0,-57.56,37.0,92,0,4.7,AR,2020-08-30 08:51:05
95,Civitavecchia,42.09,11.8,84.2,88,20,17.22,IT,2020-08-30 08:51:05
96,Hualmay,-11.1,-77.61,60.17,82,85,3.65,PE,2020-08-30 08:51:05
97,Laguna,38.42,-121.42,66.0,68,1,5.82,US,2020-08-30 08:51:06
98,Medeiros Neto,-17.37,-40.22,65.7,93,32,0.51,BR,2020-08-30 08:51:06
99,Sept-Iles,50.2,-66.38,48.99,87,90,5.82,CA,2020-08-30 08:49:02
100,Matagami,49.75,-77.63,51.8,93,90,7.61,CA,2020-08-30 08:51:06
101,Izhma,65.01,53.91,53.64,96,100,6.64,RU,2020-08-30 08:51:07
102,Bredasdorp,-34.53,20.04,53.6,66,89,9.17,ZA,2020-08-30 08:51:07
103,Ponta Do Sol,32.67,-17.1,73.4,60,40,14.99,PT,2020-08-30 08:51:07
104,Shetpe,44.17,52.12,82.83,27,0,18.39,KZ,2020-08-30 08:51:07
105,Veraval,20.9,70.37,80.28,87,100,15.1,IN,2020-08-30 08:51:07
106,Mulchen,-37.72,-72.23,34.77,87,0,5.82,CL,2020-08-30 08:51:08
107,Strezhevoy,60.73,77.59,64.4,82,75,6.71,RU,2020-08-30 08:49:14
108,Wadi Musa,30.32,35.48,93.38,15,0,3.8,JO,2020-08-30 08:51:08
109,Kitzbuhel,47.45,12.39,59.0,93,99,1.05,AT,2020-08-30 08:51:08
110,Cap Malheureux,-19.98,57.61,77.0,63,0,11.99,MU,2020-08-30 08:51:09
111,Sao Filipe,14.9,-24.5,78.49,83,60,8.01,CV,2020-08-30 08:51:09
112,Rush,53.52,-6.09,52.0,87,40,8.05,IE,2020-08-30 08:51:09
113,Thunder Bay,48.4,-89.32,48.0,100,20,3.36,CA,2020-08-30 08:48:28
114,Talara,-4.58,-81.27,62.67,84,14,14.18,PE,2020-08-30 08:51:09
115,Monrovia,6.3,-10.8,77.0,94,75,12.01,LR,2020-08-30 08:51:09
116,Mineros,-17.12,-63.23,69.8,94,0,2.24,BO,2020-08-30 08:51:10
117,Chuy,-33.7,-53.46,43.95,80,46,8.5,UY,2020-08-30 08:51:10
118,Mairana,-18.12,-63.93,54.05,78,9,2.98,BO,2020-08-30 08:51:10
119,Touros,-5.2,-35.46,73.4,94,75,3.36,BR,2020-08-30 08:51:11
120,Kathua,32.37,75.52,92.52,53,23,3.89,IN,2020-08-30 08:51:11
121,Panguipulli,-39.63,-72.33,35.6,100,90,2.24,CL,2020-08-30 08:51:11
122,Fenoarivo,-18.93,47.44,68.0,56,75,17.22,MG,2020-08-30 08:51:11
123,Dingle,11.0,122.67,80.69,81,100,8.68,PH,2020-08-30 08:51:11
124,Ribeira Grande,38.52,-28.7,75.2,94,40,9.17,PT,2020-08-30 08:51:12
125,Boa Vista,2.82,-60.67,77.0,88,40,1.12,BR,2020-08-30 08:51:12
126,Kerman,30.28,57.08,82.4,8,0,13.87,IR,2020-08-30 08:51:12
127,Mezen,65.85,44.24,49.05,94,100,5.68,RU,2020-08-30 08:51:12
128,Azul,-36.78,-59.86,34.0,65,0,1.99,AR,2020-08-30 08:51:12
129,Ostersund,63.18,14.64,44.6,87,98,4.7,SE,2020-08-30 08:49:38
130,Lebu,-37.62,-73.65,42.76,79,1,15.77,CL,2020-08-30 08:51:13
131,East London,-33.02,27.91,57.2,40,3,19.46,ZA,2020-08-30 08:51:13
132,Sakakah,29.97,40.21,100.4,8,0,4.7,SA,2020-08-30 08:51:13
133,Tignere,7.37,12.65,73.26,87,87,1.3,CM,2020-08-30 08:51:13
134,Nicoya,10.15,-85.45,73.58,93,89,0.58,CR,2020-08-30 08:51:14
135,Saquena,-4.67,-73.52,73.22,83,99,2.3,PE,2020-08-30 08:51:14
136,Nikolayevka,53.13,47.2,69.55,50,44,6.29,RU,2020-08-30 08:51:14
137,Bauchi,10.5,10.0,71.69,90,100,3.31,NG,2020-08-30 08:51:14
138,Maniitsoq,65.42,-52.9,48.47,72,99,8.63,GL,2020-08-30 08:51:15
139,Longyearbyen,78.22,15.64,42.8,90,75,28.86,SJ,2020-08-30 08:51:15
140,Hastinapur,29.17,78.02,90.59,59,0,16.24,IN,2020-08-30 08:51:15
141,Sao Joao Da Barra,-21.64,-41.05,70.27,84,0,14.18,BR,2020-08-30 08:51:16
142,Jacareacanga,-6.22,-57.75,72.25,86,0,0.49,BR,2020-08-30 08:51:16
143,Ostrovnoy,68.05,39.51,47.48,91,100,8.08,RU,2020-08-30 08:51:16
144,Jalu,29.03,21.55,96.31,19,0,3.2,LY,2020-08-30 08:51:16
145,Kuryk,43.2,51.65,84.11,32,0,14.92,KZ,2020-08-30 08:51:16
146,Mwinilunga,-11.74,24.43,93.06,23,0,4.16,ZM,2020-08-30 08:51:17
147,Sakit,27.45,78.82,89.04,62,78,13.82,IN,2020-08-30 08:51:17
148,Mao,39.89,4.27,73.4,60,20,8.05,ES,2020-08-30 08:51:17
149,Totskoye,52.52,52.76,77.61,46,0,8.25,RU,2020-08-30 08:51:17
150,Icatu,-2.78,-44.07,78.8,83,1,13.87,BR,2020-08-30 08:51:17
151,Nalut,30.33,10.85,99.0,15,0,16.89,LY,2020-08-30 08:51:18
152,Areia Branca,-4.96,-37.14,73.0,85,3,12.03,BR,2020-08-30 08:51:18
153,Bambous Virieux,-20.34,57.76,77.0,65,40,17.22,MU,2020-08-30 08:51:18
154,Valle Del Guamuez,0.45,-76.92,69.66,71,99,1.19,CO,2020-08-30 08:51:18
155,Mayahi,13.96,7.67,81.48,65,100,10.38,NE,2020-08-30 08:51:18
156,Eirunepe,-6.66,-69.87,72.91,87,100,1.52,BR,2020-08-30 08:51:19
157,Cabedelo,-6.98,-34.83,73.4,94,20,5.82,BR,2020-08-30 08:51:19
158,Huarmey,-10.07,-78.15,60.73,83,84,3.49,PE,2020-08-30 08:51:19
159,Castro,-24.79,-50.01,58.01,66,0,2.59,BR,2020-08-30 08:46:23
160,Korla,41.76,86.15,84.0,19,1,8.12,CN,2020-08-30 08:47:42
161,Tselinnoye,53.08,85.67,72.64,45,1,4.72,RU,2020-08-30 08:51:20
162,Avesta,60.15,16.17,55.0,95,96,1.01,SE,2020-08-30 08:51:20
163,Penzance,50.12,-5.54,59.0,72,40,9.17,GB,2020-08-30 08:51:20
164,Mahebourg,-20.41,57.7,77.0,65,40,17.22,MU,2020-08-30 08:51:20
165,Gazojak,41.19,61.4,93.33,11,35,18.1,TM,2020-08-30 08:51:20
166,Hearst,49.68,-83.67,44.74,96,100,6.4,CA,2020-08-30 08:51:21
167,Mehamn,71.04,27.85,50.88,72,69,11.05,NO,2020-08-30 08:51:21
168,Qasigiannguit,68.82,-51.19,39.2,80,21,3.36,GL,2020-08-30 08:51:21
169,Diego De Almagro,-26.37,-70.05,41.52,67,0,0.67,CL,2020-08-30 08:48:04
170,Cockburn Town,21.46,-71.14,82.04,80,0,12.46,TC,2020-08-30 08:51:21
171,Poim,53.03,43.19,70.74,49,3,7.07,RU,2020-08-30 08:51:22
172,Inta,66.03,60.17,57.85,59,95,21.0,RU,2020-08-30 08:51:22
173,Namwala,-15.75,26.44,96.24,10,4,3.87,ZM,2020-08-30 08:51:22
174,Faya,18.39,42.45,84.2,21,40,17.22,SA,2020-08-30 08:51:22
175,Umm Lajj,25.02,37.27,95.16,35,0,14.23,SA,2020-08-30 08:51:22
176,Aranos,-24.13,19.12,49.96,46,0,13.62,NA,2020-08-30 08:51:23
177,Adrar,20.5,-10.07,85.66,30,58,13.33,MR,2020-08-30 08:51:23
178,Vila Velha,-20.33,-40.29,69.8,88,40,2.24,BR,2020-08-30 08:51:23
179,Puerto Baquerizo Moreno,-0.9,-89.6,64.33,85,96,12.3,EC,2020-08-30 08:51:23
180,Puerto Madryn,-42.77,-65.04,44.47,57,0,28.41,AR,2020-08-30 08:48:06
181,Ardakan,32.31,54.02,87.8,14,0,11.41,IR,2020-08-30 08:51:24
182,Ambilobe,-13.2,49.05,93.63,29,45,8.08,MG,2020-08-30 08:51:24
183,Havelock,34.88,-76.9,78.8,83,1,10.29,US,2020-08-30 08:49:32
184,Eyl,7.98,49.82,92.95,41,86,24.92,SO,2020-08-30 08:51:24
185,Cozumel,20.51,-86.95,84.2,83,20,6.93,MX,2020-08-30 08:51:25
186,Reykjavik,64.14,-21.9,55.4,82,90,8.05,IS,2020-08-30 08:51:25
187,Oktyabrskoye,43.06,44.74,80.6,51,0,6.71,RU,2020-08-30 08:51:25
188,Necochea,-38.55,-58.74,28.99,84,0,5.01,AR,2020-08-30 08:51:25
189,Klaksvik,62.23,-6.59,50.0,87,75,3.36,FO,2020-08-30 08:51:25
190,Joshimath,30.57,79.57,75.4,51,48,5.99,IN,2020-08-30 08:51:26
191,Middle Island,40.88,-72.94,69.8,60,1,11.41,US,2020-08-30 08:51:26
192,Suzdal,56.43,40.44,59.76,79,100,12.3,RU,2020-08-30 08:51:26
193,San Ignacio,17.16,-89.07,78.01,86,95,3.89,BZ,2020-08-30 08:51:26
194,Chapais,49.78,-74.85,50.0,81,90,6.93,CA,2020-08-30 08:47:42
195,Eydhafushi,5.1,73.07,83.39,68,60,8.88,MV,2020-08-30 08:51:27
196,Quatre Cocos,-20.21,57.76,77.0,65,40,17.22,MU,2020-08-30 08:51:27
197,Qarqin,37.42,66.04,95.11,10,0,10.6,AF,2020-08-30 08:51:27
198,Beyneu,45.32,55.2,86.65,27,47,6.46,KZ,2020-08-30 08:51:27
199,Maputo,-25.97,32.59,69.01,68,75,14.99,MZ,2020-08-30 08:51:28
200,Novobirilyussy,56.95,90.67,63.91,85,24,5.3,RU,2020-08-30 08:51:28
201,Kabelvag,68.21,14.48,51.01,57,20,9.17,NO,2020-08-30 08:51:28
202,The Valley,18.22,-63.06,82.99,78,20,16.11,AI,2020-08-30 08:51:28
203,Chipata,-13.63,32.65,90.28,16,0,5.32,ZM,2020-08-30 08:51:28
204,Santander,43.46,-3.8,62.01,82,75,10.29,ES,2020-08-30 08:51:29
205,Tutoia,-2.76,-42.27,78.01,72,44,16.49,BR,2020-08-30 08:51:29
206,Stokmarknes,68.56,14.91,48.2,61,40,6.93,NO,2020-08-30 08:51:29
207,Malakal,9.53,31.66,85.3,67,80,2.93,SS,2020-08-30 08:51:29
208,Santa Maria,-29.68,-53.81,57.81,94,95,11.23,BR,2020-08-30 08:51:29
209,La Union,-5.4,-80.75,62.78,80,91,8.52,PE,2020-08-30 08:51:30
210,Segezha,63.74,34.32,56.1,57,100,1.88,RU,2020-08-30 08:51:30
211,Bosaso,11.28,49.18,100.4,37,71,19.46,SO,2020-08-30 08:51:30
212,Bathsheba,13.22,-59.52,80.6,88,40,18.34,BB,2020-08-30 08:51:30
213,Caravelas,-17.71,-39.25,70.65,93,53,4.14,BR,2020-08-30 08:51:31
214,Ponta Delgada,37.73,-25.67,73.4,83,40,3.36,PT,2020-08-30 08:51:31
215,Coihaique,-45.58,-72.07,42.8,83,40,8.05,CL,2020-08-30 08:51:31
216,Harper,4.38,-7.72,76.01,84,98,10.83,LR,2020-08-30 08:51:31
217,Morondava,-20.28,44.28,80.19,70,9,7.63,MG,2020-08-30 08:51:31
218,Wajir,1.75,40.06,82.4,58,75,2.24,KE,2020-08-30 08:51:32
219,Sedhiou,12.71,-15.56,78.24,90,72,4.81,SN,2020-08-30 08:51:32
220,Yar-Sale,66.83,70.83,54.07,48,0,6.42,RU,2020-08-30 08:51:32
221,Nampula,-15.12,39.27,80.6,57,20,11.41,MZ,2020-08-30 08:51:32
222,Pangody,65.85,74.49,55.69,49,73,7.67,RU,2020-08-30 08:51:32
223,Ensley,30.52,-87.27,82.99,88,1,5.82,US,2020-08-30 08:51:33
224,Saldanha,-33.01,17.94,48.2,76,39,1.12,ZA,2020-08-30 08:51:33
225,Gaoua,10.3,-3.25,74.19,86,100,9.6,BF,2020-08-30 08:51:33
226,Marigot,18.07,-63.08,82.99,78,20,16.11,MF,2020-08-30 08:51:33
227,Araouane,18.9,-3.53,86.43,52,87,13.15,ML,2020-08-30 08:51:34
228,Lulea,65.58,22.15,60.8,59,84,4.7,SE,2020-08-30 08:51:34
229,Kutum,14.2,24.67,81.66,46,39,9.93,SD,2020-08-30 08:51:34
230,Abalak,58.13,68.59,81.07,52,56,5.82,RU,2020-08-30 08:51:34
231,Namibe,-15.2,12.15,64.4,72,2,8.66,AO,2020-08-30 08:51:34
232,Gat,31.61,34.76,93.99,54,0,3.0,IL,2020-08-30 08:51:35
233,Itaituba,-4.28,-55.98,71.17,97,2,2.75,BR,2020-08-30 08:51:35
234,Ticuantepe,12.02,-86.2,72.84,89,7,4.9,NI,2020-08-30 08:51:35
235,Diamantino,-14.41,-56.45,71.33,32,0,5.19,BR,2020-08-30 08:51:35
236,Berlevag,70.86,29.09,51.21,76,66,8.21,NO,2020-08-30 08:51:35
237,Los Llanos De Aridane,28.66,-17.92,75.2,69,20,20.8,ES,2020-08-30 08:51:36
238,Chicama,-7.84,-79.15,59.47,88,57,4.12,PE,2020-08-30 08:51:36
239,Bath,51.38,-2.36,54.0,73,3,5.01,GB,2020-08-30 08:51:36
240,Bakel,14.9,-12.46,81.03,80,100,11.25,SN,2020-08-30 08:51:36
241,Carauari,-4.88,-66.9,72.77,97,97,1.72,BR,2020-08-30 08:51:21
242,Novoagansk,61.94,76.66,68.38,63,94,4.9,RU,2020-08-30 08:51:37
243,Santa Cruz,-17.8,-63.17,72.0,51,0,4.88,BO,2020-08-30 08:49:28
244,Karasjok,69.47,25.51,55.4,62,40,4.7,NO,2020-08-30 08:51:37
245,Uruzgan,32.83,66.0,85.17,13,0,9.35,AF,2020-08-30 08:51:37
246,Batie,9.88,-2.92,74.52,82,100,9.4,BF,2020-08-30 08:51:38
247,Gimbi,9.17,35.83,69.84,83,96,1.59,ET,2020-08-30 08:51:38
248,Tiznit,29.58,-9.5,76.35,39,0,3.24,MA,2020-08-30 08:51:38
249,Kruisfontein,-34.0,24.73,55.0,62,97,5.99,ZA,2020-08-30 08:51:38
250,Verkhneuralsk,53.88,59.21,80.6,32,20,15.66,RU,2020-08-30 08:51:39
251,Ormara,25.21,64.64,86.77,63,77,19.01,PK,2020-08-30 08:51:39
252,Montes Altos,-5.83,-47.07,77.0,78,6,6.55,BR,2020-08-30 08:51:39
253,Pitkyaranta,61.57,31.48,53.8,78,99,13.65,RU,2020-08-30 08:51:39
254,Axim,4.87,-2.24,77.02,79,100,8.66,GH,2020-08-30 08:51:39
255,Beni Suef,29.07,31.1,99.37,23,0,14.03,EG,2020-08-30 08:51:40
256,Buraydah,26.33,43.98,100.4,19,0,2.24,SA,2020-08-30 08:51:04
257,Acara,-1.96,-48.2,70.66,99,39,2.77,BR,2020-08-30 08:47:09
258,Olafsvik,64.89,-23.71,52.99,93,100,20.83,IS,2020-08-30 08:51:40
259,Disna,55.57,28.2,69.06,64,46,6.64,BY,2020-08-30 08:51:40
260,Shurugwi,-19.67,30.01,84.85,19,1,6.73,ZW,2020-08-30 08:51:41
261,Padang,-0.95,100.35,83.66,74,100,3.89,ID,2020-08-30 08:51:41
262,Kattivakkam,13.22,80.32,95.0,50,75,9.17,IN,2020-08-30 08:48:18
263,Cap-Aux-Meules,47.38,-61.86,58.51,89,97,33.44,CA,2020-08-30 08:51:41
264,Yanam,16.73,82.22,91.4,63,40,6.93,IN,2020-08-30 08:51:41
265,Taltal,-25.4,-70.48,51.93,70,0,1.5,CL,2020-08-30 08:51:42
266,Carnarvon,-24.87,113.63,73.4,60,0,16.11,AU,2020-08-30 08:51:42
267,Dordrecht,51.81,4.67,64.99,91,44,1.99,NL,2020-08-30 08:51:42
268,Kavaratti,10.57,72.64,86.0,74,20,9.17,IN,2020-08-30 08:51:42
269,Lagos,6.58,3.75,80.6,83,40,3.36,NG,2020-08-30 08:51:42
270,Maceio,-9.67,-35.74,68.0,100,40,13.11,BR,2020-08-30 08:51:43
271,Tocopilla,-22.09,-70.2,56.64,66,57,2.77,CL,2020-08-30 08:51:43
272,Maua,-23.67,-46.46,66.99,68,0,2.24,BR,2020-08-30 08:51:43
273,Kabwe,-14.45,28.45,92.44,13,0,7.09,ZM,2020-08-30 08:51:43
274,Sao Jose Da Coroa Grande,-8.9,-35.15,74.98,83,29,13.22,BR,2020-08-30 08:51:44
275,Zahir Pir,28.81,70.52,102.85,28,86,7.81,PK,2020-08-30 08:51:44
276,Venado Tuerto,-33.75,-61.97,32.0,86,0,1.99,AR,2020-08-30 08:48:06
277,Abdulino,53.7,53.67,74.23,52,0,7.0,RU,2020-08-30 08:51:44
278,Kharagpur,22.33,87.33,94.33,52,83,5.37,IN,2020-08-30 08:51:44
279,Kudahuvadhoo,2.67,72.89,83.84,64,22,6.53,MV,2020-08-30 08:51:45
280,Keti Bandar,24.14,67.45,85.19,79,80,18.37,PK,2020-08-30 08:51:45
281,Havoysund,71.0,24.66,50.0,76,80,8.05,NO,2020-08-30 08:51:45
282,Aasiaat,68.71,-52.87,38.88,83,35,9.06,GL,2020-08-30 08:51:45
283,Vardo,70.37,31.11,51.4,77,30,9.37,NO,2020-08-30 08:51:45
284,Kangaatsiaq,68.31,-53.46,44.22,91,50,9.53,GL,2020-08-30 08:51:46
285,Tela,15.78,-87.45,76.68,78,0,4.18,HN,2020-08-30 08:51:46
286,Kasamwa,-2.85,32.43,86.97,34,0,7.14,TZ,2020-08-30 08:51:12
287,Pacasmayo,-7.4,-79.57,60.37,89,61,7.9,PE,2020-08-30 08:51:46
288,Boke,10.94,-14.3,78.08,88,79,5.44,GN,2020-08-30 08:51:47
289,Carinhanha,-14.3,-43.77,62.98,85,82,2.95,BR,2020-08-30 08:51:47
290,Ouadda,8.08,22.4,77.43,73,90,7.47,CF,2020-08-30 08:51:47
291,Riyadh,24.69,46.72,102.2,10,19,16.11,SA,2020-08-30 08:48:31
292,Takoradi,4.88,-1.76,76.15,83,95,8.16,GH,2020-08-30 08:51:47
293,Cangucu,-31.39,-52.68,50.0,90,99,5.01,BR,2020-08-30 08:51:48
294,Sayyan,15.17,44.32,73.62,26,74,11.01,YE,2020-08-30 08:51:48
295,Labrea,-7.26,-64.8,73.33,83,100,0.65,BR,2020-08-30 08:51:48
296,Bardiyah,31.76,25.09,84.2,46,0,5.12,LY,2020-08-30 08:51:48
297,Aripuana,-9.17,-60.63,73.9,64,0,1.99,BR,2020-08-30 08:51:49
298,Natal,-5.79,-35.21,75.2,88,75,9.17,BR,2020-08-30 08:51:49
299,Tornio,65.85,24.15,59.0,67,99,6.93,FI,2020-08-30 08:51:49
300,Ust-Tsilma,65.44,52.15,52.72,95,100,4.07,RU,2020-08-30 08:51:49
301,Amos,48.57,-78.12,51.01,93,90,4.7,CA,2020-08-30 08:49:58
302,Santa Cruz De Tenerife,28.47,-16.25,70.0,93,75,19.46,ES,2020-08-30 08:49:56
303,Semnan,35.57,53.4,84.2,16,0,4.7,IR,2020-08-30 08:47:05
304,Andenes,69.31,16.12,48.2,66,40,11.41,NO,2020-08-30 08:51:50
305,Kapoeta,4.77,33.59,84.79,49,7,4.92,SS,2020-08-30 08:51:50
306,Boyabat,41.47,34.77,78.8,74,20,18.34,TR,2020-08-30 08:51:50
307,Carbonia,39.17,8.52,82.4,78,40,2.24,IT,2020-08-30 08:51:50
308,Biankouma,7.74,-7.61,70.29,94,100,3.53,CI,2020-08-30 08:51:51
309,Ippy,6.27,21.22,70.2,97,100,1.92,CF,2020-08-30 08:51:51
310,Nioro,13.35,-15.75,78.69,90,48,7.54,GM,2020-08-30 08:51:51
311,Wittlich,49.98,6.88,57.99,87,20,1.79,DE,2020-08-30 08:51:51
312,Najran,17.49,44.13,89.6,29,75,6.93,SA,2020-08-30 08:51:25
313,Blagoyevo,63.37,47.92,56.23,91,100,6.35,RU,2020-08-30 08:51:52
314,Gambela,8.25,34.58,85.71,64,95,0.58,ET,2020-08-30 08:51:52
315,Gilbues,-9.83,-45.34,65.07,76,0,6.13,BR,2020-08-30 08:51:33
316,Bibiani,6.46,-2.32,76.03,75,89,3.49,GH,2020-08-30 08:51:52
317,Acarau,-2.89,-40.12,75.87,81,7,15.79,BR,2020-08-30 08:51:52
318,Yayva,59.33,57.26,69.01,79,32,5.99,RU,2020-08-30 08:51:52
319,Saint-Francois,46.42,3.91,59.0,72,90,13.87,FR,2020-08-30 08:51:53
320,Shihezi,44.3,86.03,84.13,17,0,11.14,CN,2020-08-30 08:51:53
321,Usinsk,65.99,57.53,54.55,75,100,4.21,RU,2020-08-30 08:51:53
322,Mangrol,21.12,70.12,80.35,86,100,14.43,IN,2020-08-30 08:51:53
323,Maine-Soroa,13.21,12.02,84.09,54,100,6.78,NE,2020-08-30 08:51:54
324,Zemio,5.03,25.14,79.32,73,96,5.3,CF,2020-08-30 08:51:54
325,Mungaoli,24.42,78.1,84.56,74,45,17.11,IN,2020-08-30 08:51:54
326,Belyy Yar,53.6,91.39,66.2,59,39,11.18,RU,2020-08-30 08:51:54
327,Sechura,-5.56,-80.82,61.77,84,63,9.86,PE,2020-08-30 08:51:54
328,Povenets,62.85,34.83,56.37,61,100,0.69,RU,2020-08-30 08:51:55
329,Clyde River,70.47,-68.59,39.2,100,75,4.38,CA,2020-08-30 08:51:55
330,Narsipatnam,17.67,82.62,93.2,63,20,10.29,IN,2020-08-30 08:47:05
331,Bossangoa,6.49,17.46,71.19,96,100,2.33,CF,2020-08-30 08:51:55
332,Larreynaga,12.68,-86.57,72.64,91,33,2.21,NI,2020-08-30 08:51:55
333,Kalmunai,7.42,81.82,88.21,60,36,14.54,LK,2020-08-30 08:51:56
334,Pinheiral,-22.51,-44.0,75.2,57,0,10.29,BR,2020-08-30 08:50:09
335,Fuerte Olimpo,-21.04,-57.87,73.42,30,0,4.85,PY,2020-08-30 08:51:56
336,Fort-Shevchenko,44.51,50.26,77.68,55,0,13.56,KZ,2020-08-30 08:51:56
337,Ajdabiya,30.76,20.23,91.35,32,0,4.03,LY,2020-08-30 08:50:30
338,El Alto,-4.27,-81.21,60.91,88,0,10.33,PE,2020-08-30 08:51:57
339,Netivot,31.42,34.59,93.99,54,2,3.0,IL,2020-08-30 08:51:57
340,Macon,39.87,-88.97,60.01,93,1,3.36,US,2020-08-30 08:51:57
341,Arroyo,41.61,-4.8,55.99,58,20,3.36,ES,2020-08-30 08:50:41
342,Jijiga,9.35,42.8,74.93,55,67,13.06,ET,2020-08-30 08:51:58
343,Baft,29.23,56.61,76.59,14,0,12.33,IR,2020-08-30 08:51:58
344,Uyemskiy,64.47,40.85,53.6,100,90,11.18,RU,2020-08-30 08:51:58
345,Crossville,35.95,-85.03,69.01,88,90,1.48,US,2020-08-30 08:50:33
346,Marystown,47.17,-55.15,59.0,100,100,10.85,CA,2020-08-30 08:51:58
347,Tromso,69.65,18.96,46.4,75,75,13.87,NO,2020-08-30 08:51:59
348,Goderich,43.75,-81.72,69.01,69,58,1.01,CA,2020-08-30 08:51:59
349,Bela,25.93,81.98,92.8,53,10,7.78,IN,2020-08-30 08:51:59
350,Mana,5.66,-53.78,76.15,90,9,10.38,GF,2020-08-30 08:51:59
351,Plettenberg Bay,-34.05,23.37,50.47,75,97,11.21,ZA,2020-08-30 08:52:00
352,Perumpavur,10.13,76.48,91.4,55,40,11.41,IN,2020-08-30 08:52:00
353,Halifax,44.65,-63.57,66.99,100,98,1.99,CA,2020-08-30 08:48:58
354,Cayenne,4.93,-52.33,73.4,100,91,1.12,GF,2020-08-30 08:52:00
355,Mormugao,15.4,73.8,82.4,88,75,11.41,IN,2020-08-30 08:52:01
356,Kaithal,29.8,76.38,93.43,54,0,13.67,IN,2020-08-30 08:52:01
357,Tugulym,57.06,64.64,80.6,47,20,6.71,RU,2020-08-30 08:52:01
358,Gurupa,-1.41,-51.64,72.82,97,52,2.93,BR,2020-08-30 08:52:02
359,Puerto Carreno,6.19,-67.49,72.82,95,100,5.97,CO,2020-08-30 08:48:20
360,Souris,49.62,-100.26,64.0,82,20,9.17,CA,2020-08-30 08:52:02
361,Tiszaszentimre,47.48,20.73,91.0,42,0,11.41,HU,2020-08-30 08:52:02
362,Cocachacra,-17.09,-71.76,59.07,81,100,5.32,PE,2020-08-30 08:52:03
363,Arraias,-12.93,-46.94,65.35,49,96,5.73,BR,2020-08-30 08:52:03
364,Puerto Del Rosario,28.5,-13.86,75.2,64,40,20.8,ES,2020-08-30 08:51:40
365,Soweto,-26.27,27.86,55.0,37,30,8.05,ZA,2020-08-30 08:50:52
366,Pisco,-13.7,-76.22,61.0,82,90,4.7,PE,2020-08-30 08:52:03
367,Villaviciosa,43.48,-5.44,63.0,76,4,4.72,ES,2020-08-30 08:52:04
368,Pershotravneve,51.39,28.87,78.22,51,0,9.42,UA,2020-08-30 08:52:04
369,Vila Do Maio,15.13,-23.22,78.8,88,75,2.24,CV,2020-08-30 08:52:04
370,Bud,39.45,-86.18,60.01,100,1,4.07,US,2020-08-30 08:52:04
371,Laukaa,58.74,29.85,64.65,71,100,9.06,RU,2020-08-30 08:52:04
372,Asyut,27.18,31.18,99.61,23,0,12.73,EG,2020-08-30 08:52:05
373,Turukhansk,65.82,87.98,66.79,51,100,5.53,RU,2020-08-30 08:52:05
374,Bengkulu,-3.8,102.27,85.06,68,87,9.19,ID,2020-08-30 08:49:23
375,Nouadhibou,20.93,-17.03,71.6,78,0,14.99,MR,2020-08-30 08:52:05
376,Nara,34.69,135.8,96.01,56,75,12.75,JP,2020-08-30 08:52:05
377,Aksu,41.12,80.26,80.47,28,42,4.85,CN,2020-08-30 08:52:06
378,Lichtenburg,-26.15,26.16,54.23,36,0,9.15,ZA,2020-08-30 08:52:06
379,Abong Mbang,3.98,13.18,73.2,84,100,2.95,CM,2020-08-30 08:52:06
380,Kindu,-2.95,25.95,85.69,55,25,3.89,CD,2020-08-30 08:52:06
381,Guatire,10.48,-66.54,71.01,75,60,2.51,VE,2020-08-30 08:52:06
382,Benguela,-12.58,13.41,73.4,64,40,4.76,AO,2020-08-30 08:52:07
383,Svetlyy,54.67,20.13,70.0,77,100,4.47,RU,2020-08-30 08:52:07
384,Aranjuez,40.03,-3.6,66.0,48,0,6.93,ES,2020-08-30 08:52:07
385,Nova Olimpia,-14.8,-57.29,69.87,31,7,2.13,BR,2020-08-30 08:52:07
386,Gobabis,-22.45,18.97,52.74,41,0,14.2,NA,2020-08-30 08:52:08
387,Honningsvag,70.98,25.97,49.44,80,19,10.6,NO,2020-08-30 08:52:08
388,Erechim,-27.63,-52.27,59.41,97,32,2.46,BR,2020-08-30 08:52:08
389,Nuuk,64.18,-51.72,46.4,81,0,12.75,GL,2020-08-30 08:52:08
390,Boende,-0.22,20.87,82.74,70,100,3.98,CD,2020-08-30 08:52:08
391,Koutiala,12.39,-5.46,75.2,89,100,12.41,ML,2020-08-30 08:52:09
392,Naantali,60.47,22.02,59.0,72,90,5.82,FI,2020-08-30 08:52:09
393,Gazli,40.13,63.45,94.32,12,0,9.66,UZ,2020-08-30 08:52:09
394,San Juan,-31.54,-68.54,44.73,56,40,8.1,AR,2020-08-30 08:48:30
395,Awbari,26.59,12.78,99.07,14,0,15.99,LY,2020-08-30 08:52:09
396,Cabras,39.93,8.53,77.76,68,85,15.88,IT,2020-08-30 08:51:08
397,Sur,22.57,59.53,92.32,47,70,6.64,OM,2020-08-30 08:51:47
398,Saint-Augustin,51.23,-58.65,50.25,71,100,7.7,CA,2020-08-30 08:52:10
399,Jasper,37.2,-94.35,68.0,94,75,5.82,US,2020-08-30 08:51:13
400,Muros,42.78,-9.06,62.01,77,1,1.01,ES,2020-08-30 08:52:10
401,Bonthe,7.53,-12.51,76.53,87,100,11.45,SL,2020-08-30 08:52:11
402,Hudiksvall,61.73,17.1,55.38,82,100,1.43,SE,2020-08-30 08:52:11
403,Japura,-0.32,102.35,84.16,79,90,4.52,ID,2020-08-30 08:52:11
404,Biltine,14.53,20.92,83.12,63,80,6.82,TD,2020-08-30 08:52:11
405,Marawi,8.0,124.29,84.0,81,100,10.0,PH,2020-08-30 08:52:11
406,Gasa,31.5,34.47,93.99,54,1,3.0,PS,2020-08-30 08:52:12
407,Siuna,13.73,-84.78,72.28,95,2,2.71,NI,2020-08-30 08:52:12
408,Bandarbeyla,9.49,50.81,91.6,43,85,25.52,SO,2020-08-30 08:52:12
409,Semey,50.41,80.23,80.6,30,0,11.18,KZ,2020-08-30 08:52:12
410,Tabou,4.42,-7.35,75.87,85,85,10.76,CI,2020-08-30 08:52:12
411,Dailly,46.2,7.03,51.8,100,90,2.24,CH,2020-08-30 08:52:13
412,Bagotville,-28.98,153.42,61.0,72,0,5.82,AU,2020-08-30 08:52:13
413,Bertoua,4.58,13.68,72.82,89,100,3.53,CM,2020-08-30 08:51:13
414,Chimbote,-9.09,-78.58,60.73,85,93,4.65,PE,2020-08-30 08:52:13
415,Samarkand,39.65,66.96,86.0,22,0,13.87,UZ,2020-08-30 08:52:13
416,Cajati,-24.74,-48.12,65.44,73,0,3.13,BR,2020-08-30 08:50:25
417,Coruripe,-10.13,-36.18,73.94,86,35,10.83,BR,2020-08-30 08:52:14
418,Sala Consilina,40.39,15.6,86.0,45,0,4.7,IT,2020-08-30 08:52:14
419,Berettyoujfalu,47.22,21.55,90.0,31,0,17.22,HU,2020-08-30 08:52:14
420,Casa Nova,-9.42,-41.13,70.12,83,60,20.62,BR,2020-08-30 08:52:14
421,Miraflores,19.22,-98.81,64.4,72,75,3.69,MX,2020-08-30 08:52:15
422,Soloneshnoye,51.65,84.32,72.28,39,0,4.43,RU,2020-08-30 08:52:15
423,Butterworth,5.4,100.36,89.6,66,40,8.05,MY,2020-08-30 08:52:15
424,Kailaras,26.32,77.62,82.4,94,75,5.82,IN,2020-08-30 08:52:15
425,Bafata,12.17,-14.75,77.43,92,80,3.29,GW,2020-08-30 08:52:15
426,Rawson,-43.3,-65.1,44.22,58,0,28.54,AR,2020-08-30 08:52:16
427,Iskateley,67.68,53.15,48.72,93,100,11.32,RU,2020-08-30 08:52:16
428,Maues,-3.38,-57.72,71.24,97,58,1.79,BR,2020-08-30 08:52:16
429,Zawiercie,50.49,19.42,73.99,83,20,2.24,PL,2020-08-30 08:52:16
430,Nowy Targ,49.48,20.03,79.0,61,20,3.36,PL,2020-08-30 08:52:17
431,Toktogul,41.87,72.94,79.88,28,0,2.98,KG,2020-08-30 08:52:17
432,Vestmanna,62.16,-7.17,50.0,87,75,3.36,FO,2020-08-30 08:52:17
433,Stribro,49.75,13.0,60.01,87,90,3.36,CZ,2020-08-30 08:52:17
434,Chalmette,29.94,-89.96,82.4,88,40,6.93,US,2020-08-30 08:52:18
435,Mattru,7.62,-11.83,73.83,95,100,3.89,SL,2020-08-30 08:52:18
436,Buchmany,51.07,28.04,76.84,58,0,9.86,UA,2020-08-30 08:52:18
437,Sidmouth,50.69,-3.24,57.2,62,0,5.82,GB,2020-08-30 08:52:18
438,Sao Gabriel Da Cachoeira,-0.13,-67.09,72.23,95,100,0.38,BR,2020-08-30 08:52:19
439,Pokrovskoye,47.42,38.9,84.85,27,0,7.0,RU,2020-08-30 08:52:19
440,Goundam,16.41,-3.67,82.51,67,100,11.77,ML,2020-08-30 08:52:19
441,Susegana,45.85,12.25,72.0,93,100,7.94,IT,2020-08-30 08:52:19
442,Henties Bay,-22.12,14.28,54.0,76,0,4.54,NA,2020-08-30 08:52:19
443,Lichtenfels,50.15,11.06,63.0,83,100,7.27,DE,2020-08-30 08:52:20
444,Mwandiga,-4.83,29.66,80.6,69,75,7.87,TZ,2020-08-30 08:52:20
445,Soller,39.77,2.72,73.4,56,33,9.17,ES,2020-08-30 08:52:20
446,Kumla,59.13,15.14,63.0,82,84,2.53,SE,2020-08-30 08:52:20
447,Calbuco,-41.77,-73.13,33.8,100,75,3.15,CL,2020-08-30 08:52:21
448,Mlyniv,50.51,25.62,81.0,54,0,8.95,UA,2020-08-30 08:52:21
449,Richards Bay,-28.78,32.04,59.05,88,100,11.86,ZA,2020-08-30 08:52:21
450,Salisbury,51.07,-1.8,57.0,76,21,10.29,GB,2020-08-30 08:50:06
451,Mitsamiouli,-11.38,43.28,87.8,38,20,17.22,KM,2020-08-30 08:52:21
452,Taywarah,33.35,64.42,74.53,18,0,3.94,AF,2020-08-30 08:52:22
453,Pocao De Pedras,-4.67,-44.85,70.77,89,43,2.17,BR,2020-08-30 08:52:22
454,Casma,-41.01,-73.12,33.8,100,49,2.24,CL,2020-08-30 08:52:22
455,Lincoln,40.8,-96.67,57.99,81,1,5.5,US,2020-08-30 08:52:22
456,Sedkyrkeshch,61.75,50.92,64.4,82,75,4.47,RU,2020-08-30 08:52:22
457,Forestville,38.85,-76.88,71.6,73,1,5.82,US,2020-08-30 08:52:23
458,Gafanha Da Encarnacao,40.62,-8.73,69.01,69,0,8.61,PT,2020-08-30 08:52:23
459,Edd,13.93,41.69,97.61,37,0,12.57,ER,2020-08-30 08:52:23
460,Urumqi,43.8,87.6,80.6,24,0,11.18,CN,2020-08-30 08:52:23
461,Sonda,59.34,26.84,64.02,78,49,9.8,EE,2020-08-30 08:52:24
462,Borba,-4.39,-59.59,71.74,97,12,1.63,BR,2020-08-30 08:52:24
463,Petrovsk,52.31,45.39,72.84,43,12,2.75,RU,2020-08-30 08:52:24
464,Viedma,-40.81,-63.0,39.7,67,0,13.82,AR,2020-08-30 08:50:26
465,San Andres,12.58,-81.7,80.6,94,40,6.93,CO,2020-08-30 08:50:13
466,Skowhegan,44.77,-69.72,60.01,97,71,8.72,US,2020-08-30 08:52:24
467,Shakiso,5.75,38.92,74.43,54,53,4.97,ET,2020-08-30 08:52:25
468,Praia Da Vitoria,38.73,-27.07,75.2,94,75,7.76,PT,2020-08-30 08:52:25
469,Killybegs,54.63,-8.45,53.6,81,36,3.36,IE,2020-08-30 08:52:25
470,Shubarkuduk,49.14,56.49,90.81,15,94,2.1,KZ,2020-08-30 08:52:25
471,Urucui,-7.23,-44.56,75.07,60,0,9.04,BR,2020-08-30 08:52:26
472,Sarankhola,22.31,89.79,89.08,71,74,7.23,BD,2020-08-30 08:52:26
473,Itambe,-15.24,-40.62,66.56,91,100,1.81,BR,2020-08-30 08:52:26
474,Kosa,59.94,55.0,65.97,85,91,6.06,RU,2020-08-30 08:52:26
475,Talnakh,69.49,88.4,51.8,100,75,6.71,RU,2020-08-30 08:52:26
476,Paramonga,-10.67,-77.83,60.26,82,93,3.13,PE,2020-08-30 08:52:27
477,Borujerd,33.9,48.75,89.6,11,0,4.7,IR,2020-08-30 08:52:27
478,Mariakani,-3.86,39.47,82.4,65,20,9.17,KE,2020-08-30 08:52:27
479,Wilmington,34.23,-77.94,79.0,83,1,8.05,US,2020-08-30 08:49:25
480,Lafia,8.48,8.52,78.31,86,100,6.4,NG,2020-08-30 08:52:28
481,Yashkul,46.17,45.34,84.11,30,0,6.62,RU,2020-08-30 08:52:28
482,Hammerfest,70.66,23.68,50.0,76,88,8.05,NO,2020-08-30 08:52:28
483,Krasnoselkup,65.7,82.47,55.29,80,99,12.82,RU,2020-08-30 08:52:28
484,Tabuk,17.42,121.44,83.14,80,95,5.95,PH,2020-08-30 08:52:28
485,Siavonga,-16.54,28.71,88.99,25,0,3.71,ZM,2020-08-30 08:52:29
486,Rocha,-34.48,-54.33,38.98,79,0,6.13,UY,2020-08-30 08:52:29
487,Koslan,63.46,48.9,54.59,92,100,4.32,RU,2020-08-30 08:52:29
488,Ordubad,38.91,46.02,86.0,27,0,4.7,AZ,2020-08-30 08:52:29
489,Aurad,18.25,77.43,83.59,70,76,15.75,IN,2020-08-30 08:52:30
490,Kulhudhuffushi,6.62,73.07,83.55,71,96,10.29,MV,2020-08-30 08:52:30
491,Nowa Sol,51.8,15.72,68.0,72,20,6.93,PL,2020-08-30 08:52:30
492,Sisimiut,66.94,-53.67,46.99,81,100,5.68,GL,2020-08-30 08:52:30
493,Altay,47.87,88.12,71.87,31,9,8.01,CN,2020-08-30 08:52:31
494,Camacupa,-12.02,17.48,70.56,39,93,10.85,AO,2020-08-30 08:52:31
495,Deoli,25.75,75.38,88.81,58,86,4.43,IN,2020-08-30 08:52:31
496,Abapo,-18.83,-63.47,66.09,56,12,2.42,BO,2020-08-30 08:52:31
497,Ribeira Brava,32.65,-17.07,73.4,60,40,14.99,PT,2020-08-30 08:52:32
498,Rimavska Sobota,48.38,20.02,78.01,48,0,1.99,SK,2020-08-30 08:52:32
499,Soyo,-6.13,12.37,73.4,83,75,5.82,AO,2020-08-30 08:52:32
500,Bulaevo,54.91,70.44,83.91,44,15,11.97,KZ,2020-08-30 08:52:32
501,Bougouni,11.42,-7.48,75.13,90,100,8.08,ML,2020-08-30 08:52:32
502,Januaria,-15.48,-44.37,63.19,79,78,5.61,BR,2020-08-30 08:52:33
503,Savannah Bight,16.45,-85.85,83.53,79,0,21.09,HN,2020-08-30 08:52:33
504,Imeni Stepana Razina,54.89,44.3,66.79,62,82,9.15,RU,2020-08-30 08:52:33
505,Urengoy,65.97,78.37,54.19,69,99,10.4,RU,2020-08-30 08:52:33
506,Lamu,-2.27,40.9,81.3,67,27,13.76,KE,2020-08-30 08:52:33
507,Jawhar,2.78,45.5,88.16,48,73,18.03,SO,2020-08-30 08:52:34
508,Filiatra,37.15,21.58,86.0,40,0,11.41,GR,2020-08-30 08:52:34
509,Shache,38.42,77.24,86.56,17,99,8.61,CN,2020-08-30 08:52:34
510,Raucesti,47.25,26.42,82.0,54,0,9.17,RO,2020-08-30 08:52:34
511,Crixas,-14.55,-49.97,69.89,38,18,5.75,BR,2020-08-30 08:52:35
512,Inhumas,-16.36,-49.5,68.0,56,45,3.49,BR,2020-08-30 08:52:35
513,Kiruna,67.86,20.23,48.2,66,36,8.05,SE,2020-08-30 08:52:35
514,At-Bashi,41.17,75.81,63.0,85,12,3.38,KG,2020-08-30 08:52:35
515,Comodoro Rivadavia,-45.87,-67.5,50.0,43,43,19.46,AR,2020-08-30 08:52:35
516,Almeirim,-1.52,-52.58,74.28,95,74,3.8,BR,2020-08-30 08:52:36
517,Kilindoni,-7.91,39.67,78.67,68,6,10.16,TZ,2020-08-30 08:52:36
518,Kirkenaer,60.46,12.06,60.01,57,2,1.01,NO,2020-08-30 08:52:36
519,Matay,28.42,30.78,98.17,26,0,12.77,EG,2020-08-30 08:52:36
520,Kasongo,-4.45,26.67,85.21,55,67,4.99,CD,2020-08-30 08:52:37
521,Quartucciu,39.25,9.18,82.4,61,99,3.36,IT,2020-08-30 08:52:37
522,Boundiali,9.52,-6.49,71.46,95,100,7.07,CI,2020-08-30 08:51:17
523,Krasnoborsk,61.56,45.93,57.24,69,100,7.16,RU,2020-08-30 08:52:37
524,Pastavy,55.12,26.83,66.2,73,56,2.39,BY,2020-08-30 08:52:37
525,Abu Kamal,34.45,40.92,107.96,7,0,10.74,SY,2020-08-30 08:52:38
526,Raudeberg,61.99,5.14,51.01,82,27,18.54,NO,2020-08-30 08:52:38
527,Anjozorobe,-18.4,47.87,68.0,56,75,17.22,MG,2020-08-30 08:52:38
528,Melito Di Porto Salvo,37.92,15.77,82.99,74,0,14.99,IT,2020-08-30 08:52:38
529,Durban,-29.86,31.03,55.99,66,90,18.34,ZA,2020-08-30 08:50:53
530,Karasburg,-28.02,18.75,44.47,56,0,9.89,NA,2020-08-30 08:52:39
531,Couva,10.42,-61.47,77.0,88,20,3.87,TT,2020-08-30 08:52:39
532,Bara,10.37,10.73,76.14,82,97,0.63,NG,2020-08-30 08:52:39
533,Makurdi,7.74,8.51,79.41,84,100,4.68,NG,2020-08-30 08:52:39
534,Roald,62.58,6.13,51.8,66,75,3.36,NO,2020-08-30 08:52:39
535,Kidal,18.44,1.41,84.6,58,16,14.63,ML,2020-08-30 08:52:40
536,Sioux Lookout,50.1,-91.92,48.2,93,5,3.36,CA,2020-08-30 08:52:40
537,Tastur,36.55,9.44,86.0,51,54,9.48,TN,2020-08-30 08:52:40
538,Aguadas,5.61,-75.46,53.01,100,40,2.24,CO,2020-08-30 08:52:41
539,Gbarnga,7.0,-9.47,71.37,97,100,3.49,LR,2020-08-30 08:52:41
540,Kolobrzeg,54.18,15.58,64.0,66,100,0.74,PL,2020-08-30 08:52:41
541,Sokoto,13.06,5.24,77.4,81,100,8.99,NG,2020-08-30 08:52:41
542,Tibacuy,4.35,-72.46,73.33,92,99,2.46,CO,2020-08-30 08:52:41
543,Hurghada,27.26,33.81,91.4,46,0,17.22,EG,2020-08-30 08:50:12
544,Kushmurun,52.45,64.63,85.39,29,80,4.09,KZ,2020-08-30 08:52:42
545,Rostovka,55.38,71.89,82.98,46,46,9.37,RU,2020-08-30 08:52:42
546,Iracoubo,5.48,-53.2,76.89,89,27,11.79,GF,2020-08-30 08:52:42
547,Kamenka,51.32,42.77,73.87,45,0,4.45,RU,2020-08-30 08:52:42
548,Ustyuzhna,58.84,36.43,61.3,92,100,8.86,RU,2020-08-30 08:52:43
549,Badarwas,24.97,77.57,83.43,80,11,17.4,IN,2020-08-30 08:52:43
550,Talcahuano,-36.72,-73.12,37.4,86,0,5.82,CL,2020-08-30 08:52:43
551,Pertuis,43.69,5.5,68.0,60,0,14.99,FR,2020-08-30 08:47:17
